,Right Mass,,Left Mass,
t,x,y,x,y
0,9.46E-02,8.48E-04,9.76E-02,5.00E-03
0.05,9.21E-02,6.81E-04,9.56E-02,4.56E-03
0.101,8.69E-02,-2.62E-04,9.07E-02,4.06E-03
0.151,7.96E-02,-8.02E-04,8.36E-02,3.25E-03
0.202,7.05E-02,-1.26E-03,7.40E-02,2.44E-03
0.252,6.00E-02,-2.12E-03,6.37E-02,1.14E-03
0.302,4.73E-02,-2.66E-03,5.03E-02,6.53E-04
0.353,3.40E-02,-3.67E-03,3.67E-02,-5.21E-05
0.403,2.05E-02,-3.96E-03,2.26E-02,-1.28E-03
0.454,5.72E-03,-3.99E-03,6.38E-03,-1.72E-03
0.504,-9.50E-03,-4.26E-03,-8.56E-03,-1.85E-03
0.554,-2.32E-02,-4.21E-03,-2.33E-02,-1.72E-03
0.605,-3.59E-02,-3.27E-03,-3.79E-02,-2.08E-03
0.655,-4.95E-02,-3.17E-03,-5.21E-02,-1.47E-03
0.706,-6.12E-02,-2.03E-03,-6.41E-02,-1.31E-03
0.756,-7.19E-02,-1.35E-03,-7.43E-02,-6.60E-04
0.806,-8.02E-02,-8.80E-04,-8.33E-02,-4.11E-04
0.857,-8.77E-02,-2.83E-04,-9.06E-02,1.32E-04
0.907,-9.24E-02,4.60E-04,-9.52E-02,5.56E-04
0.958,-9.51E-02,5.92E-04,-9.71E-02,5.89E-04
1.008,-9.59E-02,7.58E-04,-9.69E-02,4.58E-04
1.059,-9.44E-02,5.54E-04,-9.41E-02,5.13E-04
1.109,-9.00E-02,4.02E-04,-8.92E-02,3.37E-04
1.159,-8.40E-02,-3.67E-04,-8.19E-02,-2.06E-04
1.21,-7.66E-02,-7.12E-04,-7.25E-02,-6.93E-04
1.26,-6.69E-02,-1.27E-03,-6.21E-02,-7.92E-04
1.311,-5.55E-02,-1.91E-03,-4.93E-02,-1.39E-03
1.361,-4.22E-02,-2.76E-03,-3.53E-02,-2.19E-03
1.411,-2.89E-02,-2.92E-03,-2.10E-02,-2.13E-03
1.462,-1.48E-02,-3.58E-03,-5.38E-03,-1.66E-03
1.512,-2.93E-05,-3.16E-03,1.00E-02,-1.41E-03
1.563,1.50E-02,-3.24E-03,2.48E-02,-1.55E-03
1.613,2.89E-02,-2.79E-03,3.92E-02,-5.05E-04
1.663,4.23E-02,-2.36E-03,5.29E-02,7.54E-04
1.714,5.50E-02,-1.86E-03,6.47E-02,1.63E-03
1.764,6.68E-02,-1.16E-03,7.56E-02,2.29E-03
1.815,7.59E-02,-9.45E-04,8.44E-02,3.06E-03
1.865,8.42E-02,-3.75E-05,9.07E-02,4.40E-03
1.915,8.99E-02,4.48E-04,9.47E-02,4.78E-03
1.966,9.34E-02,4.07E-04,9.66E-02,5.16E-03
2.016,9.49E-02,6.77E-04,9.65E-02,5.12E-03
2.067,9.43E-02,5.67E-04,9.42E-02,5.02E-03
2.117,9.17E-02,6.44E-04,8.93E-02,4.33E-03
2.167,8.66E-02,-3.11E-04,8.26E-02,3.29E-03
2.218,7.91E-02,-6.40E-04,7.30E-02,2.72E-03
2.268,6.95E-02,-1.36E-03,6.22E-02,1.85E-03
2.319,5.85E-02,-1.80E-03,5.01E-02,9.43E-04
2.369,4.61E-02,-2.75E-03,3.62E-02,-3.53E-04
2.419,3.33E-02,-3.24E-03,2.18E-02,-7.37E-04
2.47,1.91E-02,-3.41E-03,6.79E-03,-1.17E-03
2.52,2.80E-03,-3.78E-03,-7.91E-03,-1.57E-03
2.571,-1.15E-02,-3.86E-03,-2.33E-02,-1.90E-03
2.621,-2.59E-02,-3.43E-03,-3.73E-02,-1.76E-03
2.671,-3.97E-02,-3.01E-03,-5.06E-02,-1.37E-03
2.722,-5.27E-02,-2.61E-03,-6.22E-02,-1.10E-03
2.772,-6.50E-02,-1.85E-03,-7.30E-02,-8.01E-04
2.823,-7.47E-02,-1.41E-03,-8.17E-02,-2.03E-04
2.873,-8.30E-02,-7.49E-04,-8.84E-02,1.57E-04
2.924,-9.04E-02,-1.85E-04,-9.30E-02,5.40E-04
2.974,-9.50E-02,2.45E-04,-9.51E-02,5.25E-04
3.024,-9.73E-02,4.97E-04,-9.47E-02,6.30E-04
3.075,-9.75E-02,6.63E-04,-9.22E-02,6.71E-04
3.125,-9.61E-02,7.01E-04,-8.70E-02,5.06E-04
3.176,-9.20E-02,3.55E-04,-7.93E-02,-1.53E-04
3.226,-8.52E-02,-3.35E-04,-7.00E-02,-9.08E-04
3.276,-7.72E-02,-7.00E-04,-5.97E-02,-9.83E-04
3.327,-6.73E-02,-1.19E-03,-4.68E-02,-1.22E-03
3.377,-5.56E-02,-2.04E-03,-3.31E-02,-1.63E-03
3.428,-4.23E-02,-2.55E-03,-1.90E-02,-1.80E-03
3.478,-2.84E-02,-3.15E-03,-4.74E-03,-1.87E-03
3.528,-1.32E-02,-3.20E-03,1.05E-02,-1.41E-03
3.579,1.68E-03,-3.28E-03,2.47E-02,-1.00E-03
3.629,1.60E-02,-3.10E-03,3.96E-02,-2.27E-04
3.68,3.10E-02,-2.81E-03,5.25E-02,7.57E-04
3.73,4.50E-02,-2.03E-03,6.36E-02,1.27E-03
3.78,5.76E-02,-1.81E-03,7.40E-02,2.50E-03
3.831,6.89E-02,-1.15E-03,8.23E-02,3.19E-03
3.881,7.85E-02,-3.94E-04,8.82E-02,3.62E-03
3.932,8.68E-02,4.90E-04,9.22E-02,4.23E-03
3.982,9.24E-02,5.90E-04,9.39E-02,4.29E-03
4.032,9.58E-02,6.64E-04,9.37E-02,4.15E-03
4.083,9.67E-02,8.52E-04,9.16E-02,3.63E-03
4.133,9.61E-02,7.99E-04,8.70E-02,3.16E-03
4.184,9.29E-02,6.79E-04,7.98E-02,2.79E-03
4.234,8.72E-02,-8.98E-05,7.16E-02,1.68E-03
4.284,7.96E-02,-8.00E-04,6.09E-02,8.89E-04
4.335,6.97E-02,-1.31E-03,4.91E-02,-1.11E-04
4.385,5.84E-02,-2.05E-03,3.51E-02,-9.10E-04
4.436,4.56E-02,-2.55E-03,2.12E-02,-1.44E-03
4.486,3.16E-02,-3.19E-03,7.00E-03,-1.92E-03
4.536,1.67E-02,-3.83E-03,-7.10E-03,-2.35E-03
4.587,1.98E-03,-3.77E-03,-2.17E-02,-2.19E-03
4.637,-1.37E-02,-3.64E-03,-3.57E-02,-2.10E-03
4.688,-2.82E-02,-3.15E-03,-4.80E-02,-1.89E-03
4.738,-4.23E-02,-2.94E-03,-5.97E-02,-1.45E-03
4.788,-5.55E-02,-2.42E-03,-7.02E-02,-9.25E-04
4.839,-6.75E-02,-1.91E-03,-7.84E-02,-1.68E-04
4.889,-7.78E-02,-1.11E-03,-8.51E-02,1.58E-04
4.94,-8.64E-02,-3.01E-04,-8.94E-02,3.45E-04
4.99,-9.34E-02,3.61E-04,-9.17E-02,5.45E-04
5.041,-9.77E-02,6.36E-04,-9.15E-02,7.49E-04
5.091,-0.1,1.04E-03,-8.92E-02,7.07E-04
5.141,-0.1,9.88E-04,-8.42E-02,3.19E-04
5.192,-9.77E-02,7.99E-04,-7.75E-02,-1.21E-05
5.242,-9.33E-02,3.19E-04,-6.85E-02,-6.38E-04
5.293,-8.58E-02,8.71E-05,-5.85E-02,-9.25E-04
5.343,-7.67E-02,-1.07E-03,-4.71E-02,-1.04E-03
5.393,-6.62E-02,-1.87E-03,-3.34E-02,-1.40E-03
5.444,-5.39E-02,-2.29E-03,-2.02E-02,-1.42E-03
5.494,-4.06E-02,-3.03E-03,-6.19E-03,-1.51E-03
5.545,-2.62E-02,-3.52E-03,8.33E-03,-1.24E-03
5.595,-1.02E-02,-3.59E-03,2.27E-02,-1.21E-03
5.645,4.64E-03,-3.83E-03,3.58E-02,-4.51E-04
5.696,1.99E-02,-3.20E-03,4.83E-02,4.45E-04
5.746,3.52E-02,-2.98E-03,5.93E-02,1.18E-03
5.797,4.97E-02,-2.12E-03,6.91E-02,2.11E-03
5.847,6.29E-02,-1.35E-03,7.71E-02,2.55E-03
5.897,7.32E-02,-7.45E-04,8.28E-02,3.02E-03
5.948,8.32E-02,8.99E-05,8.68E-02,3.59E-03
5.998,9.10E-02,7.13E-04,8.88E-02,3.90E-03
6.049,9.64E-02,1.13E-03,8.88E-02,3.68E-03
6.099,9.95E-02,1.04E-03,8.71E-02,3.52E-03
6.149,0.1,1.07E-03,8.26E-02,3.09E-03
6.2,9.89E-02,9.39E-04,7.60E-02,2.64E-03
6.25,9.51E-02,9.85E-04,6.85E-02,1.87E-03
6.301,8.84E-02,1.80E-05,5.82E-02,8.35E-04
6.351,8.02E-02,-5.44E-04,4.74E-02,4.90E-04
6.401,6.90E-02,-1.25E-03,3.47E-02,-3.79E-04
6.452,5.76E-02,-2.03E-03,2.09E-02,-1.11E-03
6.502,4.30E-02,-2.72E-03,7.57E-03,-1.99E-03
6.553,2.91E-02,-3.25E-03,-6.19E-03,-2.06E-03
6.603,1.35E-02,-3.28E-03,-2.05E-02,-2.13E-03
6.653,-2.50E-03,-3.78E-03,-3.26E-02,-1.86E-03
6.704,-1.82E-02,-3.91E-03,-4.54E-02,-1.81E-03
6.754,-3.37E-02,-3.12E-03,-5.59E-02,-1.56E-03
6.805,-4.79E-02,-2.32E-03,-6.59E-02,-9.20E-04
6.855,-6.16E-02,-2.03E-03,-7.39E-02,-7.43E-04
6.906,-7.30E-02,-9.79E-04,-8.02E-02,5.05E-05
6.956,-8.37E-02,-2.55E-05,-8.41E-02,1.19E-04
7.006,-9.20E-02,5.86E-04,-8.63E-02,1.43E-04
7.057,-9.83E-02,1.20E-03,-8.64E-02,2.11E-04
7.107,-0.102,1.71E-03,-8.46E-02,-2.10E-04
7.158,-0.104,1.73E-03,-7.99E-02,-4.34E-04
7.208,-0.103,1.89E-03,-7.35E-02,-6.56E-04
7.258,-9.99E-02,1.65E-03,-6.51E-02,-9.36E-04
7.309,-9.42E-02,9.36E-04,-5.63E-02,-1.36E-03
7.359,-8.65E-02,4.60E-04,-4.50E-02,-1.79E-03
7.41,-7.70E-02,-3.34E-04,-3.29E-02,-1.88E-03
7.46,-6.51E-02,-1.29E-03,-2.03E-02,-1.95E-03
7.51,-5.22E-02,-1.75E-03,-6.94E-03,-1.84E-03
7.561,-3.75E-02,-2.63E-03,6.48E-03,-1.80E-03
7.611,-2.29E-02,-2.91E-03,1.90E-02,-1.62E-03
7.662,-6.26E-03,-3.27E-03,3.23E-02,-6.72E-04
7.712,9.34E-03,-3.05E-03,4.37E-02,-1.76E-04
7.762,2.58E-02,-2.58E-03,5.40E-02,3.78E-04
7.813,4.05E-02,-2.40E-03,6.32E-02,9.98E-04
7.863,5.55E-02,-1.43E-03,7.10E-02,1.90E-03
7.914,6.83E-02,-3.92E-04,7.66E-02,2.32E-03
7.964,7.97E-02,1.24E-04,8.02E-02,2.76E-03
8.014,8.97E-02,7.48E-04,8.23E-02,2.88E-03
8.065,9.68E-02,1.26E-03,8.23E-02,2.75E-03
8.115,0.102,1.97E-03,8.08E-02,2.52E-03
8.166,0.104,1.72E-03,7.73E-02,2.04E-03
8.216,0.104,1.97E-03,7.11E-02,1.47E-03
8.266,0.102,2.09E-03,6.36E-02,6.78E-04
8.317,9.73E-02,1.21E-03,5.46E-02,-1.01E-04
8.367,8.98E-02,3.65E-04,4.48E-02,-4.39E-04
8.418,8.03E-02,5.67E-05,3.30E-02,-1.17E-03
8.468,6.92E-02,-6.14E-04,2.04E-02,-1.78E-03
8.518,5.58E-02,-1.79E-03,8.57E-03,-2.43E-03
8.569,4.04E-02,-2.34E-03,-4.65E-03,-2.42E-03
8.619,2.48E-02,-2.78E-03,-1.65E-02,-2.09E-03
8.67,8.55E-03,-3.51E-03,-2.90E-02,-2.12E-03
8.72,-8.46E-03,-3.57E-03,-4.02E-02,-1.82E-03
8.771,-2.37E-02,-3.26E-03,-5.03E-02,-1.65E-03
8.821,-3.96E-02,-2.49E-03,-5.95E-02,-1.45E-03
8.871,-5.41E-02,-1.86E-03,-6.74E-02,-1.13E-03
8.922,-6.77E-02,-1.09E-03,-7.33E-02,-1.05E-03
8.972,-7.92E-02,-2.91E-04,-7.71E-02,-2.14E-04
9.023,-8.95E-02,5.39E-04,-7.93E-02,-3.18E-04
9.073,-9.80E-02,1.48E-03,-7.97E-02,-1.79E-04
9.123,-0.104,2.10E-03,-7.84E-02,-8.67E-05
9.174,-0.107,2.33E-03,-7.46E-02,-5.30E-04
9.224,-0.108,2.51E-03,-6.93E-02,-7.32E-04
9.275,-0.107,2.17E-03,-6.16E-02,-8.97E-04
9.325,-0.102,1.62E-03,-5.30E-02,-1.37E-03
9.375,-9.54E-02,8.47E-04,-4.34E-02,-1.75E-03
9.426,-8.65E-02,5.78E-04,-3.23E-02,-1.96E-03
9.476,-7.60E-02,-5.20E-04,-2.07E-02,-1.83E-03
9.527,-6.32E-02,-1.10E-03,-8.99E-03,-1.94E-03
9.577,-4.91E-02,-1.98E-03,2.91E-03,-1.57E-03
9.627,-3.33E-02,-2.58E-03,1.50E-02,-1.58E-03
9.678,-1.72E-02,-2.91E-03,2.65E-02,-9.84E-04
9.728,-3.97E-04,-2.96E-03,3.76E-02,-5.88E-04
9.779,1.63E-02,-2.88E-03,4.71E-02,1.35E-05
9.829,3.31E-02,-2.33E-03,5.63E-02,3.80E-04
9.879,4.93E-02,-1.84E-03,6.33E-02,1.18E-03
9.93,6.36E-02,-9.83E-04,6.90E-02,1.64E-03
9.98,7.67E-02,1.14E-04,7.25E-02,2.01E-03
10.031,8.78E-02,8.90E-04,7.44E-02,2.21E-03
10.081,9.66E-02,1.72E-03,7.50E-02,2.34E-03
10.131,0.103,1.96E-03,7.39E-02,2.02E-03
10.182,0.107,2.44E-03,7.10E-02,1.83E-03
10.232,0.109,2.84E-03,6.60E-02,1.58E-03
10.283,0.108,2.82E-03,5.97E-02,8.95E-04
10.333,0.105,2.70E-03,5.21E-02,2.63E-04
10.383,9.90E-02,2.15E-03,4.31E-02,-5.62E-05
10.434,9.04E-02,1.14E-03,3.32E-02,-6.90E-04
10.484,7.94E-02,5.37E-04,2.21E-02,-1.23E-03
10.535,6.71E-02,-4.92E-04,1.02E-02,-1.67E-03
10.585,5.20E-02,-1.28E-03,-1.19E-03,-1.96E-03
10.636,3.63E-02,-2.18E-03,-1.25E-02,-1.96E-03
10.686,1.93E-02,-2.45E-03,-2.38E-02,-1.85E-03
10.736,1.92E-03,-2.48E-03,-3.32E-02,-2.06E-03
10.787,-1.56E-02,-2.54E-03,-4.33E-02,-1.67E-03
10.837,-3.23E-02,-1.97E-03,-5.19E-02,-1.56E-03
10.888,-4.83E-02,-1.39E-03,-5.90E-02,-1.28E-03
10.938,-6.27E-02,-1.24E-03,-6.48E-02,-1.07E-03
10.988,-7.64E-02,-2.64E-04,-6.88E-02,-5.65E-04
11.039,-8.85E-02,8.43E-04,-7.12E-02,-4.86E-04
11.089,-9.80E-02,1.76E-03,-7.19E-02,-5.85E-04
11.14,-0.106,2.23E-03,-7.13E-02,-5.00E-04
11.19,-0.11,3.00E-03,-6.83E-02,-7.27E-04
11.24,-0.113,3.23E-03,-6.39E-02,-9.15E-04
11.291,-0.113,3.28E-03,-5.78E-02,-9.24E-04
11.341,-0.11,3.03E-03,-5.05E-02,-1.52E-03
11.392,-0.104,2.28E-03,-4.19E-02,-1.64E-03
11.442,-9.56E-02,1.40E-03,-3.26E-02,-1.82E-03
11.492,-8.54E-02,8.55E-04,-2.25E-02,-1.76E-03
11.543,-7.29E-02,-5.21E-04,-1.19E-02,-1.98E-03
11.593,-5.88E-02,-1.31E-03,-1.16E-03,-2.04E-03
11.644,-4.33E-02,-1.95E-03,9.46E-03,-1.73E-03
11.694,-2.65E-02,-2.85E-03,1.97E-02,-1.49E-03
11.744,-9.38E-03,-2.77E-03,2.95E-02,-9.71E-04
11.795,7.78E-03,-2.84E-03,3.89E-02,-5.41E-04
11.845,2.52E-02,-2.62E-03,4.71E-02,7.13E-05
11.896,4.23E-02,-1.95E-03,5.39E-02,6.19E-04
11.946,5.78E-02,-8.39E-04,5.95E-02,1.05E-03
11.996,7.24E-02,-2.38E-04,6.33E-02,1.07E-03
12.047,8.53E-02,6.17E-04,6.60E-02,1.34E-03
12.097,9.58E-02,1.54E-03,6.67E-02,1.40E-03
12.148,0.104,2.49E-03,6.63E-02,1.37E-03
12.198,0.11,3.18E-03,6.45E-02,1.13E-03
12.248,0.113,3.20E-03,6.06E-02,1.01E-03
12.299,0.113,3.28E-03,5.56E-02,3.27E-04
12.349,0.111,3.31E-03,4.93E-02,3.08E-04
12.4,0.107,2.59E-03,4.16E-02,-1.78E-04
12.45,9.90E-02,1.89E-03,3.31E-02,-3.80E-04
12.5,8.84E-02,1.17E-03,2.41E-02,-1.28E-03
12.551,7.58E-02,1.38E-04,1.40E-02,-1.53E-03
12.601,6.22E-02,-7.62E-04,3.72E-03,-1.82E-03
12.652,4.63E-02,-1.96E-03,-6.09E-03,-2.17E-03
12.702,2.87E-02,-2.14E-03,-1.62E-02,-1.87E-03
12.753,1.14E-02,-2.81E-03,-2.52E-02,-1.89E-03
12.803,-6.57E-03,-2.59E-03,-3.41E-02,-1.98E-03
12.853,-2.48E-02,-2.54E-03,-4.23E-02,-1.75E-03
12.904,-4.10E-02,-1.83E-03,-4.87E-02,-1.65E-03
12.954,-5.82E-02,-1.06E-03,-5.44E-02,-1.25E-03
13.005,-7.29E-02,-4.31E-04,-5.84E-02,-1.29E-03
13.055,-8.59E-02,7.34E-04,-6.14E-02,-1.38E-03
13.105,-9.71E-02,1.82E-03,-6.25E-02,-1.60E-03
13.156,-0.106,2.28E-03,-6.24E-02,-1.46E-03
13.206,-0.112,3.32E-03,-6.09E-02,-1.58E-03
13.257,-0.117,3.68E-03,-5.77E-02,-1.66E-03
13.307,-0.118,3.56E-03,-5.33E-02,-1.84E-03
13.357,-0.116,3.48E-03,-4.75E-02,-2.07E-03
13.408,-0.111,2.93E-03,-4.04E-02,-2.13E-03
13.458,-0.104,2.04E-03,-3.27E-02,-2.07E-03
13.509,-9.45E-02,1.12E-03,-2.38E-02,-2.24E-03
13.559,-8.25E-02,5.85E-04,-1.51E-02,-2.23E-03
13.609,-6.84E-02,-1.12E-03,-6.20E-03,-1.98E-03
13.66,-5.24E-02,-1.68E-03,3.68E-03,-1.96E-03
13.71,-3.67E-02,-2.47E-03,1.22E-02,-1.83E-03
13.761,-1.84E-02,-2.88E-03,2.14E-02,-1.39E-03
13.811,5.85E-04,-3.01E-03,2.97E-02,-1.21E-03
13.861,1.80E-02,-2.76E-03,3.70E-02,-5.97E-04
13.912,3.55E-02,-2.61E-03,4.35E-02,-2.27E-04
13.962,5.28E-02,-1.45E-03,4.90E-02,1.62E-05
14.013,6.87E-02,-5.54E-04,5.31E-02,2.05E-04
14.063,8.34E-02,3.15E-04,5.61E-02,2.05E-04
14.113,9.47E-02,1.25E-03,5.77E-02,3.50E-04
14.164,0.104,2.07E-03,5.83E-02,4.99E-04
14.214,0.112,2.98E-03,5.74E-02,6.44E-04
14.265,0.116,3.70E-03,5.49E-02,7.16E-04
14.315,0.118,3.80E-03,5.11E-02,3.06E-04
14.365,0.117,3.59E-03,4.64E-02,2.42E-04
14.416,0.113,3.20E-03,4.03E-02,-8.01E-05
14.466,0.106,2.21E-03,3.36E-02,-6.66E-04
14.517,9.61E-02,1.08E-03,2.61E-02,-1.07E-03
14.567,8.44E-02,5.54E-04,1.80E-02,-1.27E-03
14.618,7.03E-02,-6.82E-04,9.63E-03,-1.58E-03
14.668,5.47E-02,-1.52E-03,1.16E-03,-1.88E-03
14.718,3.69E-02,-2.58E-03,-7.73E-03,-1.94E-03
14.769,1.88E-02,-3.00E-03,-1.58E-02,-2.01E-03
14.819,1.06E-03,-2.86E-03,-2.41E-02,-1.95E-03
14.87,-1.80E-02,-3.12E-03,-3.15E-02,-2.05E-03
14.92,-3.58E-02,-2.35E-03,-3.79E-02,-1.73E-03
14.97,-5.34E-02,-1.77E-03,-4.35E-02,-1.67E-03
15.021,-6.94E-02,-1.10E-03,-4.80E-02,-1.74E-03
15.071,-8.32E-02,1.09E-04,-5.12E-02,-1.44E-03
15.122,-9.55E-02,9.56E-04,-5.33E-02,-1.52E-03
15.172,-0.106,1.63E-03,-5.41E-02,-1.72E-03
15.222,-0.114,2.72E-03,-5.38E-02,-1.76E-03
15.273,-0.118,3.49E-03,-5.26E-02,-1.91E-03
15.323,-0.12,3.53E-03,-4.93E-02,-1.88E-03
15.374,-0.12,3.33E-03,-4.51E-02,-2.07E-03
15.424,-0.117,2.95E-03,-3.98E-02,-1.97E-03
15.474,-0.11,2.55E-03,-3.41E-02,-2.12E-03
15.525,-0.101,1.55E-03,-2.71E-02,-2.04E-03
15.575,-9.00E-02,5.45E-04,-1.97E-02,-2.05E-03
15.626,-7.62E-02,-5.79E-04,-1.19E-02,-2.03E-03
15.676,-6.11E-02,-1.15E-03,-4.00E-03,-1.84E-03
15.726,-4.46E-02,-1.98E-03,3.69E-03,-1.66E-03
15.777,-2.61E-02,-2.83E-03,1.17E-02,-1.56E-03
15.827,-7.64E-03,-3.30E-03,1.96E-02,-1.52E-03
15.878,1.09E-02,-2.74E-03,2.60E-02,-9.20E-04
15.928,2.99E-02,-2.81E-03,3.22E-02,-7.97E-04
15.978,4.79E-02,-1.42E-03,3.81E-02,-1.53E-04
16.029,6.42E-02,-9.10E-04,4.25E-02,-1.05E-04
16.079,7.93E-02,1.90E-04,4.58E-02,3.85E-04
16.13,9.26E-02,1.37E-03,4.86E-02,6.58E-04
16.18,0.104,2.22E-03,5.00E-02,8.41E-04
16.23,0.112,3.28E-03,5.05E-02,8.64E-04
16.281,0.118,3.63E-03,4.96E-02,7.53E-04
16.331,0.12,4.27E-03,4.77E-02,8.49E-04
16.382,0.12,4.02E-03,4.45E-02,7.45E-04
16.432,0.118,3.99E-03,4.05E-02,2.93E-04
16.483,0.112,3.61E-03,3.54E-02,2.54E-04
16.533,0.103,2.43E-03,2.95E-02,-5.96E-04
16.583,9.16E-02,1.63E-03,2.34E-02,-6.84E-04
16.634,7.77E-02,-1.59E-04,1.65E-02,-8.20E-04
16.684,6.28E-02,-9.57E-04,9.24E-03,-9.58E-04
16.735,4.55E-02,-1.80E-03,2.10E-03,-1.18E-03
16.785,2.70E-02,-2.42E-03,-5.43E-03,-1.54E-03
16.835,8.35E-03,-2.91E-03,-1.28E-02,-1.61E-03
16.886,-1.12E-02,-2.76E-03,-1.93E-02,-1.65E-03
16.936,-2.99E-02,-2.63E-03,-2.57E-02,-1.88E-03
16.987,-4.72E-02,-1.69E-03,-3.15E-02,-1.76E-03
17.037,-6.48E-02,-8.49E-04,-3.64E-02,-1.61E-03
17.087,-7.92E-02,3.56E-05,-4.06E-02,-1.63E-03
17.138,-9.24E-02,1.17E-03,-4.38E-02,-1.82E-03
17.188,-0.104,2.07E-03,-4.58E-02,-1.62E-03
17.239,-0.112,3.26E-03,-4.68E-02,-1.47E-03
17.289,-0.119,3.69E-03,-4.69E-02,-1.67E-03
17.339,-0.122,4.29E-03,-4.61E-02,-1.72E-03
17.39,-0.123,4.48E-03,-4.40E-02,-1.66E-03
17.44,-0.12,4.06E-03,-4.07E-02,-1.87E-03
17.491,-0.115,3.47E-03,-3.63E-02,-1.81E-03
17.541,-0.107,2.31E-03,-3.14E-02,-2.04E-03
17.591,-9.58E-02,1.61E-03,-2.59E-02,-1.77E-03
17.642,-8.30E-02,5.91E-04,-1.97E-02,-1.83E-03
17.692,-6.85E-02,-4.47E-04,-1.28E-02,-1.96E-03
17.743,-5.21E-02,-1.05E-03,-6.47E-03,-1.86E-03
17.793,-3.36E-02,-2.12E-03,5.74E-04,-1.77E-03
17.843,-1.47E-02,-2.48E-03,6.84E-03,-1.57E-03
17.894,3.72E-03,-2.71E-03,1.38E-02,-1.53E-03
17.944,2.30E-02,-2.08E-03,2.00E-02,-1.34E-03
17.995,4.16E-02,-1.33E-03,2.57E-02,-9.78E-04
18.045,5.94E-02,-1.03E-03,3.08E-02,-7.21E-04
18.095,7.48E-02,-2.66E-04,3.52E-02,-2.55E-04
18.146,8.97E-02,1.19E-03,3.88E-02,1.09E-04
18.196,0.102,2.13E-03,4.17E-02,-5.51E-05
18.247,0.111,3.08E-03,4.35E-02,-1.53E-04
18.297,0.118,4.03E-03,4.39E-02,-2.74E-04
18.348,0.121,4.28E-03,4.38E-02,-3.09E-04
18.398,0.122,4.44E-03,4.28E-02,-2.94E-04
18.448,0.121,4.29E-03,4.09E-02,-5.34E-04
18.499,0.116,4.01E-03,3.76E-02,-6.14E-04
18.549,0.108,3.05E-03,3.37E-02,-8.16E-04
18.6,9.72E-02,2.14E-03,2.90E-02,-1.06E-03
18.65,8.40E-02,8.65E-04,2.36E-02,-8.83E-04
18.7,6.89E-02,-2.08E-04,1.76E-02,-1.14E-03
18.751,5.19E-02,-7.51E-04,1.16E-02,-1.73E-03
18.801,3.51E-02,-1.95E-03,4.97E-03,-1.81E-03
18.852,1.54E-02,-2.36E-03,-1.33E-03,-1.98E-03
18.902,-5.01E-03,-2.75E-03,-7.71E-03,-2.09E-03
18.952,-2.34E-02,-2.69E-03,-1.42E-02,-2.06E-03
19.003,-4.20E-02,-1.74E-03,-2.00E-02,-2.04E-03
19.053,-5.93E-02,-6.81E-04,-2.56E-02,-2.04E-03
19.104,-7.47E-02,-2.06E-04,-3.05E-02,-1.80E-03
19.154,-8.94E-02,9.26E-04,-3.48E-02,-1.81E-03
19.204,-0.101,2.03E-03,-3.81E-02,-1.68E-03
19.255,-0.111,2.97E-03,-4.07E-02,-1.69E-03
19.305,-0.118,3.60E-03,-4.23E-02,-1.79E-03
19.356,-0.123,4.32E-03,-4.27E-02,-1.72E-03
19.406,-0.124,4.46E-03,-4.28E-02,-1.79E-03
19.456,-0.123,4.45E-03,-4.20E-02,-1.85E-03
19.507,-0.118,3.85E-03,-3.99E-02,-1.65E-03
19.557,-0.111,3.11E-03,-3.64E-02,-1.73E-03
19.608,-0.101,2.02E-03,-3.26E-02,-1.91E-03
19.658,-8.83E-02,8.73E-04,-2.81E-02,-1.84E-03
19.708,-7.46E-02,-4.32E-04,-2.30E-02,-1.79E-03
19.759,-5.77E-02,-9.62E-04,-1.73E-02,-1.81E-03
19.809,-4.02E-02,-1.90E-03,-1.11E-02,-1.84E-03
19.86,-2.15E-02,-2.27E-03,-4.89E-03,-1.66E-03
19.91,-3.06E-03,-2.55E-03,1.34E-03,-1.55E-03
19.96,1.62E-02,-2.50E-03,7.51E-03,-1.50E-03
20.011,3.57E-02,-1.86E-03,1.39E-02,-1.42E-03
20.061,5.35E-02,-1.25E-03,1.95E-02,-1.17E-03
20.112,6.97E-02,-2.04E-04,2.48E-02,-1.19E-03
20.162,8.48E-02,9.77E-04,2.96E-02,-9.49E-04
20.212,9.78E-02,1.92E-03,3.34E-02,-7.67E-04
20.263,0.108,3.02E-03,3.68E-02,-5.06E-04
20.313,0.116,3.60E-03,3.93E-02,-4.10E-04
20.364,0.12,3.79E-03,4.08E-02,-4.18E-04
20.414,0.122,3.82E-03,4.14E-02,-2.08E-04
20.465,0.121,4.11E-03,4.14E-02,-5.15E-04
20.515,0.117,3.68E-03,4.07E-02,-4.50E-04
20.565,0.111,2.95E-03,3.88E-02,-5.71E-04
20.616,0.1,2.05E-03,3.58E-02,-8.62E-04
20.666,8.83E-02,7.24E-04,3.20E-02,-8.73E-04
20.717,7.42E-02,-5.81E-04,2.75E-02,-1.03E-03
20.767,5.74E-02,-1.44E-03,2.26E-02,-1.21E-03
20.817,3.94E-02,-2.10E-03,1.68E-02,-1.30E-03
20.868,2.09E-02,-2.70E-03,1.08E-02,-1.67E-03
20.918,2.53E-03,-2.77E-03,4.54E-03,-1.78E-03
20.969,-1.74E-02,-2.63E-03,-1.50E-03,-1.98E-03
21.019,-3.51E-02,-2.57E-03,-8.08E-03,-2.10E-03
21.069,-5.27E-02,-1.70E-03,-1.43E-02,-2.04E-03
21.12,-6.93E-02,-8.56E-04,-2.01E-02,-2.15E-03
21.17,-8.48E-02,5.68E-04,-2.54E-02,-1.76E-03
21.221,-9.75E-02,1.87E-03,-3.04E-02,-1.76E-03
21.271,-0.108,2.78E-03,-3.50E-02,-1.81E-03
21.321,-0.115,3.64E-03,-3.83E-02,-1.74E-03
21.372,-0.121,4.21E-03,-4.07E-02,-1.62E-03
21.422,-0.123,4.49E-03,-4.24E-02,-1.76E-03
21.473,-0.123,4.45E-03,-4.31E-02,-1.68E-03
21.523,-0.119,4.18E-03,-4.30E-02,-1.73E-03
21.573,-0.114,3.48E-03,-4.21E-02,-1.62E-03
21.624,-0.104,2.57E-03,-3.97E-02,-1.87E-03
21.674,-9.31E-02,1.59E-03,-3.66E-02,-1.81E-03
21.725,-7.90E-02,4.64E-04,-3.25E-02,-1.95E-03
21.775,-6.35E-02,-1.03E-03,-2.76E-02,-1.93E-03
21.825,-4.69E-02,-1.52E-03,-2.25E-02,-1.93E-03
21.876,-2.89E-02,-2.11E-03,-1.67E-02,-2.20E-03
21.926,-1.00E-02,-2.42E-03,-1.02E-02,-2.07E-03
21.977,9.62E-03,-2.48E-03,-3.95E-03,-1.90E-03
22.027,2.92E-02,-2.40E-03,2.40E-03,-1.62E-03
22.077,4.69E-02,-1.68E-03,8.97E-03,-1.88E-03
22.128,6.35E-02,-8.82E-04,1.53E-02,-1.47E-03
22.178,7.93E-02,2.52E-04,2.14E-02,-1.50E-03
22.229,9.30E-02,1.51E-03,2.69E-02,-1.03E-03
22.279,0.104,2.57E-03,3.15E-02,-7.22E-04
22.33,0.113,3.37E-03,3.60E-02,-5.47E-04
22.38,0.118,3.73E-03,3.93E-02,-4.57E-04
22.43,0.121,3.93E-03,4.20E-02,-1.68E-04
22.481,0.121,4.06E-03,4.34E-02,-1.80E-04
22.531,0.118,4.07E-03,4.42E-02,-2.60E-04
22.582,0.112,3.39E-03,4.43E-02,-1.94E-04
22.632,0.104,2.56E-03,4.34E-02,-2.18E-04
22.682,9.25E-02,1.37E-03,4.10E-02,-3.82E-04
22.733,7.86E-02,3.84E-05,3.78E-02,-7.02E-04
22.783,6.34E-02,-7.66E-04,3.37E-02,-9.42E-04
22.834,4.58E-02,-1.85E-03,2.83E-02,-9.25E-04
22.884,2.76E-02,-2.26E-03,2.30E-02,-1.10E-03
22.934,8.38E-03,-2.56E-03,1.70E-02,-1.48E-03
22.985,-1.02E-02,-2.65E-03,1.07E-02,-1.52E-03
23.035,-2.85E-02,-2.61E-03,3.64E-03,-1.79E-03
23.086,-4.66E-02,-1.98E-03,-2.92E-03,-1.79E-03
23.136,-6.29E-02,-1.02E-03,-1.02E-02,-1.92E-03
23.186,-7.77E-02,-2.85E-04,-1.69E-02,-2.04E-03
23.237,-9.13E-02,9.11E-04,-2.30E-02,-1.82E-03
23.287,-0.102,2.07E-03,-2.94E-02,-1.87E-03
23.338,-0.112,3.10E-03,-3.46E-02,-1.90E-03
23.388,-0.118,3.88E-03,-3.94E-02,-1.72E-03
23.438,-0.121,3.91E-03,-4.27E-02,-1.68E-03
23.489,-0.122,3.98E-03,-4.54E-02,-1.58E-03
23.539,-0.12,3.73E-03,-4.71E-02,-1.64E-03
23.59,-0.114,3.23E-03,-4.77E-02,-1.65E-03
23.64,-0.106,2.45E-03,-4.73E-02,-1.89E-03
23.69,-9.57E-02,1.15E-03,-4.59E-02,-1.90E-03
23.741,-8.27E-02,-7.53E-05,-4.29E-02,-1.80E-03
23.791,-6.84E-02,-8.19E-04,-3.93E-02,-1.68E-03
23.842,-5.29E-02,-1.74E-03,-3.44E-02,-1.98E-03
23.892,-3.44E-02,-2.54E-03,-2.88E-02,-1.99E-03
23.942,-1.62E-02,-2.99E-03,-2.27E-02,-2.09E-03
23.993,2.45E-03,-2.84E-03,-1.58E-02,-2.10E-03
24.043,2.11E-02,-2.44E-03,-9.17E-03,-1.84E-03
24.094,3.97E-02,-1.82E-03,-1.64E-03,-1.95E-03
24.144,5.70E-02,-1.53E-03,6.07E-03,-1.86E-03
24.195,7.29E-02,-4.65E-04,1.34E-02,-1.83E-03
24.245,8.66E-02,7.67E-04,2.00E-02,-1.27E-03
24.295,9.87E-02,1.61E-03,2.70E-02,-1.14E-03
24.346,0.107,2.96E-03,3.28E-02,-1.04E-03
24.396,0.114,3.56E-03,3.83E-02,-2.76E-04
24.447,0.118,3.96E-03,4.27E-02,-2.16E-04
24.497,0.119,4.05E-03,4.60E-02,-1.77E-04
24.547,0.117,3.96E-03,4.84E-02,-8.26E-05
24.598,0.113,3.85E-03,4.99E-02,1.34E-04
24.648,0.105,2.46E-03,5.03E-02,7.79E-05
24.699,9.55E-02,1.65E-03,4.95E-02,-2.25E-04
24.749,8.25E-02,5.00E-04,4.77E-02,-1.95E-04
24.799,6.83E-02,-4.70E-04,4.40E-02,-3.18E-04
24.85,5.20E-02,-1.20E-03,3.94E-02,-4.99E-04
24.9,3.44E-02,-1.89E-03,3.44E-02,-8.04E-04
24.951,1.59E-02,-2.22E-03,2.85E-02,-8.44E-04
25.001,-2.34E-03,-2.59E-03,2.15E-02,-9.63E-04
25.051,-2.12E-02,-2.62E-03,1.45E-02,-1.31E-03
25.102,-3.97E-02,-1.84E-03,5.87E-03,-1.72E-03
25.152,-5.53E-02,-1.10E-03,-1.68E-03,-1.88E-03
25.203,-7.11E-02,-3.87E-04,-9.75E-03,-2.02E-03
25.253,-8.49E-02,2.74E-04,-1.79E-02,-1.99E-03
25.303,-9.63E-02,1.88E-03,-2.51E-02,-1.77E-03
25.354,-0.106,2.86E-03,-3.21E-02,-1.82E-03
25.404,-0.113,3.69E-03,-3.86E-02,-1.67E-03
25.455,-0.117,3.99E-03,-4.41E-02,-1.62E-03
25.505,-0.119,4.42E-03,-4.86E-02,-1.59E-03
25.555,-0.118,4.28E-03,-5.20E-02,-1.63E-03
25.606,-0.114,3.76E-03,-5.41E-02,-1.45E-03
25.656,-0.107,2.67E-03,-5.49E-02,-1.64E-03
25.707,-9.73E-02,1.86E-03,-5.47E-02,-1.67E-03
25.757,-8.58E-02,9.96E-04,-5.30E-02,-1.83E-03
25.807,-7.21E-02,-1.45E-04,-5.02E-02,-1.84E-03
25.858,-5.65E-02,-1.29E-03,-4.55E-02,-1.85E-03
25.908,-4.01E-02,-1.63E-03,-4.06E-02,-2.06E-03
25.959,-2.32E-02,-2.65E-03,-3.41E-02,-2.07E-03
26.009,-4.69E-03,-2.48E-03,-2.70E-02,-2.04E-03
26.06,1.44E-02,-2.63E-03,-1.89E-02,-1.92E-03
26.11,3.21E-02,-2.04E-03,-1.08E-02,-2.23E-03
26.16,4.94E-02,-1.59E-03,-2.14E-03,-1.98E-03
26.211,6.52E-02,-7.67E-04,6.08E-03,-1.70E-03
26.261,7.95E-02,3.95E-05,1.52E-02,-1.36E-03
26.312,9.13E-02,1.10E-03,2.28E-02,-1.25E-03
26.362,0.101,2.06E-03,3.13E-02,-7.10E-04
26.412,0.109,2.68E-03,3.79E-02,-3.85E-04
26.463,0.113,2.92E-03,4.42E-02,-7.34E-05
26.513,0.115,3.64E-03,4.95E-02,1.34E-04
26.564,0.115,3.30E-03,5.34E-02,4.76E-04
26.614,0.112,3.23E-03,5.59E-02,8.04E-04
26.664,0.105,2.40E-03,5.75E-02,9.23E-04
26.715,9.68E-02,1.58E-03,5.78E-02,8.55E-04
26.765,8.53E-02,6.06E-04,5.68E-02,7.80E-04
26.816,7.14E-02,-1.45E-04,5.45E-02,7.12E-04
26.866,5.65E-02,-1.06E-03,5.03E-02,4.98E-04
26.916,3.92E-02,-2.31E-03,4.53E-02,-7.47E-05
26.967,2.28E-02,-2.60E-03,3.89E-02,-6.91E-05
27.017,4.92E-03,-2.93E-03,3.17E-02,-6.93E-04
27.068,-1.34E-02,-2.79E-03,2.36E-02,-1.04E-03
27.118,-3.11E-02,-2.45E-03,1.50E-02,-1.32E-03
27.168,-4.79E-02,-1.85E-03,5.66E-03,-1.49E-03
27.219,-6.32E-02,-9.21E-04,-3.75E-03,-1.84E-03
27.269,-7.72E-02,-2.00E-04,-1.27E-02,-2.02E-03
27.32,-8.94E-02,9.11E-04,-2.20E-02,-1.93E-03
27.37,-9.92E-02,1.82E-03,-3.08E-02,-1.92E-03
27.42,-0.107,2.78E-03,-3.83E-02,-1.81E-03
27.471,-0.113,3.37E-03,-4.58E-02,-1.79E-03
27.521,-0.115,3.56E-03,-5.19E-02,-1.58E-03
27.572,-0.115,3.49E-03,-5.67E-02,-1.56E-03
27.622,-0.113,3.28E-03,-6.01E-02,-1.47E-03
27.672,-0.107,2.65E-03,-6.22E-02,-1.63E-03
27.723,-9.85E-02,1.38E-03,-6.28E-02,-1.43E-03
27.773,-8.84E-02,5.74E-04,-6.20E-02,-1.51E-03
27.824,-7.55E-02,-4.02E-04,-6.01E-02,-1.49E-03
27.874,-6.17E-02,-1.50E-03,-5.59E-02,-1.94E-03
27.924,-4.62E-02,-2.12E-03,-5.04E-02,-1.99E-03
27.975,-2.93E-02,-2.96E-03,-4.38E-02,-2.04E-03
28.025,-1.31E-02,-2.75E-03,-3.66E-02,-2.29E-03
28.076,4.96E-03,-2.68E-03,-2.74E-02,-2.08E-03
28.126,2.33E-02,-2.78E-03,-1.86E-02,-1.86E-03
28.177,4.05E-02,-2.05E-03,-8.66E-03,-2.14E-03
28.227,5.54E-02,-1.31E-03,1.73E-03,-1.82E-03
28.277,7.03E-02,-8.70E-04,1.16E-02,-1.60E-03
28.328,8.32E-02,4.67E-04,2.09E-02,-1.30E-03
28.378,9.41E-02,1.28E-03,3.02E-02,-1.00E-03
28.429,0.102,2.01E-03,3.90E-02,-1.21E-04
28.479,0.108,2.58E-03,4.68E-02,1.69E-04
28.529,0.111,3.11E-03,5.33E-02,4.14E-04
28.58,0.112,2.93E-03,5.89E-02,1.12E-03
28.63,0.11,2.75E-03,6.28E-02,1.46E-03
28.681,0.105,2.85E-03,6.51E-02,1.47E-03
28.731,9.80E-02,2.08E-03,6.64E-02,1.68E-03
28.781,8.83E-02,8.88E-04,6.61E-02,1.74E-03
28.832,7.63E-02,2.70E-04,6.44E-02,1.62E-03
28.882,6.30E-02,-5.53E-04,6.10E-02,1.39E-03
28.933,4.71E-02,-1.29E-03,5.58E-02,9.40E-04
28.983,3.02E-02,-1.98E-03,4.90E-02,4.11E-04
29.033,1.32E-02,-2.10E-03,4.13E-02,-1.17E-04
29.084,-3.95E-03,-2.40E-03,3.25E-02,-5.84E-04
29.134,-2.09E-02,-1.93E-03,2.24E-02,-8.41E-04
29.185,-3.75E-02,-1.67E-03,1.26E-02,-1.50E-03
29.235,-5.33E-02,-1.13E-03,2.01E-03,-1.78E-03
29.285,-6.79E-02,-1.98E-04,-9.15E-03,-1.84E-03
29.336,-8.02E-02,6.95E-04,-1.94E-02,-1.97E-03
29.386,-9.13E-02,1.32E-03,-2.98E-02,-2.00E-03
29.437,-9.95E-02,1.86E-03,-3.92E-02,-1.80E-03
29.487,-0.106,2.68E-03,-4.78E-02,-1.82E-03
29.537,-0.11,2.94E-03,-5.52E-02,-1.51E-03
29.588,-0.111,3.21E-03,-6.15E-02,-1.02E-03
29.638,-0.11,3.00E-03,-6.63E-02,-6.77E-04
29.689,-0.106,2.42E-03,-6.94E-02,-4.36E-04
29.739,-9.93E-02,1.86E-03,-7.09E-02,-4.15E-04
29.789,-9.07E-02,9.29E-04,-7.08E-02,-3.90E-04
29.84,-7.95E-02,4.13E-05,-6.90E-02,-6.14E-04
29.89,-6.72E-02,-6.09E-04,-6.54E-02,-6.72E-04
29.941,-5.29E-02,-1.58E-03,-5.99E-02,-8.04E-04
29.991,-3.73E-02,-1.90E-03,-5.34E-02,-9.71E-04
30.042,-2.02E-02,-2.68E-03,-4.51E-02,-1.00E-03
30.092,-3.31E-03,-2.67E-03,-3.56E-02,-1.31E-03
30.142,1.34E-02,-2.54E-03,-2.57E-02,-1.28E-03
30.193,2.97E-02,-2.76E-03,-1.43E-02,-1.66E-03
30.243,4.54E-02,-1.43E-03,-3.53E-03,-1.49E-03
30.294,6.06E-02,-1.12E-03,7.64E-03,-1.37E-03
30.344,7.38E-02,-3.11E-04,1.94E-02,-1.08E-03
30.394,8.50E-02,3.25E-04,3.03E-02,-8.68E-04
30.445,9.43E-02,1.33E-03,3.98E-02,1.99E-04
30.495,0.101,1.57E-03,4.91E-02,5.78E-04
30.546,0.105,2.10E-03,5.72E-02,1.31E-03
30.596,0.107,2.64E-03,6.37E-02,1.49E-03
30.646,0.106,2.30E-03,6.89E-02,1.88E-03
30.697,0.104,2.15E-03,7.25E-02,2.30E-03
30.747,9.77E-02,1.39E-03,7.40E-02,2.41E-03
30.798,8.95E-02,7.56E-04,7.45E-02,2.62E-03
30.848,7.87E-02,-2.20E-05,7.30E-02,2.19E-03
30.898,6.68E-02,-1.10E-03,6.97E-02,2.06E-03
30.949,5.33E-02,-1.64E-03,6.44E-02,1.41E-03
30.999,3.76E-02,-2.66E-03,5.72E-02,7.36E-04
31.05,2.12E-02,-2.69E-03,4.91E-02,8.32E-05
31.1,5.49E-03,-2.89E-03,3.94E-02,-4.42E-04
31.15,-1.18E-02,-3.29E-03,2.87E-02,-1.10E-03
31.201,-2.81E-02,-2.74E-03,1.78E-02,-1.66E-03
31.251,-4.35E-02,-1.98E-03,6.49E-03,-1.77E-03
31.302,-5.76E-02,-1.56E-03,-5.35E-03,-2.13E-03
31.352,-7.06E-02,-7.38E-04,-1.80E-02,-2.30E-03
31.402,-8.21E-02,2.12E-04,-2.94E-02,-2.08E-03
31.453,-9.13E-02,7.86E-04,-3.98E-02,-1.86E-03
31.503,-9.87E-02,1.51E-03,-5.00E-02,-1.80E-03
31.554,-0.104,2.07E-03,-5.89E-02,-1.34E-03
31.604,-0.107,2.51E-03,-6.61E-02,-8.95E-04
31.654,-0.106,2.37E-03,-7.22E-02,-6.67E-04
31.705,-0.105,2.04E-03,-7.58E-02,-4.34E-04
31.755,-9.96E-02,1.54E-03,-7.84E-02,-2.53E-04
31.806,-9.19E-02,8.78E-04,-7.87E-02,-2.16E-04
31.856,-8.27E-02,1.60E-04,-7.72E-02,-2.85E-04
31.907,-7.18E-02,-9.11E-04,-7.35E-02,-8.39E-04
31.957,-5.89E-02,-1.34E-03,-6.84E-02,-7.45E-04
32.007,-4.42E-02,-2.18E-03,-6.08E-02,-8.22E-04
32.058,-2.89E-02,-2.64E-03,-5.27E-02,-1.51E-03
32.108,-1.31E-02,-2.79E-03,-4.26E-02,-1.53E-03
32.159,2.72E-03,-2.81E-03,-3.19E-02,-1.63E-03
32.209,1.90E-02,-2.83E-03,-1.99E-02,-1.97E-03
32.259,3.47E-02,-2.36E-03,-7.27E-03,-1.66E-03
32.31,4.95E-02,-1.64E-03,5.09E-03,-1.58E-03
32.36,6.29E-02,-8.00E-04,1.75E-02,-1.32E-03
32.411,7.53E-02,-1.60E-04,2.95E-02,-9.94E-04
32.461,8.53E-02,6.30E-04,4.09E-02,-2.00E-04
32.511,9.31E-02,9.96E-04,5.15E-02,6.58E-04
32.562,9.85E-02,2.01E-03,6.09E-02,8.31E-04
32.612,0.102,2.37E-03,6.85E-02,2.02E-03
32.663,0.103,2.17E-03,7.46E-02,2.59E-03
32.713,0.101,2.14E-03,7.85E-02,2.99E-03
32.763,9.76E-02,1.72E-03,8.09E-02,3.26E-03
32.814,9.08E-02,1.23E-03,8.15E-02,3.46E-03
32.864,8.23E-02,1.98E-04,8.03E-02,3.26E-03
32.915,7.18E-02,-4.64E-04,7.70E-02,2.99E-03
32.965,5.89E-02,-1.32E-03,7.19E-02,2.53E-03
33.015,4.51E-02,-1.76E-03,6.48E-02,1.91E-03
33.066,3.10E-02,-2.53E-03,5.61E-02,1.14E-03
33.116,1.52E-02,-2.89E-03,4.57E-02,1.74E-04
33.167,-9.64E-04,-2.91E-03,3.45E-02,-4.62E-04
33.217,-1.74E-02,-2.85E-03,2.21E-02,-1.17E-03
33.267,-3.22E-02,-2.39E-03,9.64E-03,-1.70E-03
33.318,-4.65E-02,-1.97E-03,-3.79E-03,-2.00E-03
33.368,-5.97E-02,-1.31E-03,-1.62E-02,-1.91E-03
33.419,-7.19E-02,-7.23E-04,-2.93E-02,-1.98E-03
33.469,-8.15E-02,3.08E-04,-4.14E-02,-1.50E-03
33.519,-9.02E-02,8.82E-04,-5.24E-02,-1.30E-03
33.57,-9.65E-02,1.34E-03,-6.24E-02,-1.12E-03
33.62,-0.1,1.86E-03,-7.04E-02,-7.72E-04
33.671,-0.102,2.04E-03,-7.70E-02,-5.08E-04
33.721,-0.101,1.88E-03,-8.20E-02,-3.31E-05
33.772,-9.82E-02,1.29E-03,-8.46E-02,1.64E-04
33.822,-9.26E-02,7.58E-04,-8.54E-02,-2.42E-04
33.872,-8.52E-02,6.77E-04,-8.42E-02,-2.52E-04
33.923,-7.54E-02,-3.97E-04,-8.04E-02,-1.70E-04
33.973,-6.42E-02,-1.15E-03,-7.49E-02,-4.93E-04
34.024,-5.14E-02,-1.66E-03,-6.74E-02,-7.18E-04
34.074,-3.78E-02,-2.48E-03,-5.84E-02,-1.44E-03
34.124,-2.26E-02,-2.92E-03,-4.77E-02,-1.79E-03
34.175,-7.02E-03,-2.82E-03,-3.61E-02,-1.93E-03
34.225,7.93E-03,-2.95E-03,-2.37E-02,-1.88E-03
34.276,2.37E-02,-2.73E-03,-1.06E-02,-1.79E-03
34.326,3.84E-02,-1.95E-03,3.19E-03,-1.75E-03
34.376,5.16E-02,-1.22E-03,1.67E-02,-1.09E-03
34.427,6.44E-02,-1.12E-03,2.94E-02,-7.46E-04
34.477,7.50E-02,-2.22E-04,4.24E-02,-1.68E-04
34.528,8.43E-02,6.62E-04,5.36E-02,5.23E-04
34.578,9.09E-02,1.08E-03,6.36E-02,1.26E-03
34.628,9.54E-02,1.34E-03,7.22E-02,2.05E-03
34.679,9.78E-02,1.62E-03,7.87E-02,2.56E-03
34.729,9.80E-02,1.32E-03,8.36E-02,3.14E-03
34.78,9.58E-02,1.34E-03,8.63E-02,3.55E-03
34.83,9.16E-02,1.07E-03,8.70E-02,3.73E-03
34.88,8.42E-02,1.91E-04,8.61E-02,3.48E-03
34.931,7.62E-02,-5.41E-04,8.30E-02,3.33E-03
34.981,6.51E-02,-1.39E-03,7.74E-02,2.69E-03
35.032,5.23E-02,-2.12E-03,7.01E-02,1.76E-03
35.082,3.88E-02,-2.76E-03,6.09E-02,9.00E-04
35.132,2.53E-02,-2.82E-03,5.07E-02,4.04E-04
35.183,1.03E-02,-2.91E-03,3.80E-02,-3.13E-04
35.233,-5.03E-03,-3.28E-03,2.49E-02,-8.73E-04
35.284,-2.06E-02,-2.93E-03,1.16E-02,-1.02E-03
35.334,-3.45E-02,-2.58E-03,-2.35E-03,-1.70E-03
35.384,-4.80E-02,-1.96E-03,-1.67E-02,-1.75E-03
35.435,-6.02E-02,-1.43E-03,-2.98E-02,-1.56E-03
35.485,-7.12E-02,-7.93E-04,-4.23E-02,-1.45E-03
35.536,-8.06E-02,-2.40E-04,-5.37E-02,-1.16E-03
35.586,-8.79E-02,6.76E-04,-6.46E-02,-7.48E-04
35.636,-9.35E-02,1.10E-03,-7.36E-02,-4.08E-04
35.687,-9.67E-02,1.24E-03,-8.07E-02,1.42E-04
35.737,-9.77E-02,1.31E-03,-8.64E-02,3.07E-04
35.788,-9.67E-02,1.05E-03,-8.94E-02,6.29E-04
35.838,-9.30E-02,6.97E-04,-9.02E-02,7.65E-04
35.889,-8.68E-02,2.97E-04,-8.92E-02,5.94E-04
35.939,-7.90E-02,-1.67E-04,-8.56E-02,6.12E-04
35.989,-6.97E-02,-7.14E-04,-7.97E-02,1.75E-04
36.04,-5.81E-02,-1.58E-03,-7.17E-02,-3.98E-04
36.09,-4.63E-02,-1.77E-03,-6.25E-02,-7.81E-04
36.141,-3.21E-02,-2.04E-03,-5.16E-02,-1.22E-03
36.191,-1.77E-02,-2.62E-03,-3.94E-02,-1.89E-03
36.241,-2.82E-03,-2.79E-03,-2.61E-02,-1.82E-03
36.292,1.18E-02,-2.60E-03,-1.20E-02,-2.04E-03
36.342,2.63E-02,-2.56E-03,2.39E-03,-1.73E-03
36.393,4.06E-02,-2.35E-03,1.62E-02,-1.42E-03
36.443,5.30E-02,-1.27E-03,3.05E-02,-9.28E-04
36.493,6.53E-02,-7.21E-04,4.31E-02,2.92E-04
36.544,7.46E-02,-2.66E-04,5.59E-02,9.79E-04
36.594,8.24E-02,2.01E-04,6.62E-02,1.69E-03
36.645,8.87E-02,8.66E-04,7.50E-02,2.47E-03
36.695,9.24E-02,1.06E-03,8.21E-02,3.14E-03
36.745,9.41E-02,1.16E-03,8.72E-02,3.94E-03
36.796,9.40E-02,1.06E-03,9.03E-02,4.07E-03
36.846,9.19E-02,8.73E-04,9.11E-02,4.24E-03
36.897,8.68E-02,2.95E-04,9.02E-02,3.89E-03
36.947,7.96E-02,-1.10E-04,8.68E-02,3.40E-03
36.997,7.13E-02,-6.89E-04,8.12E-02,3.04E-03
37.048,6.05E-02,-1.52E-03,7.42E-02,2.44E-03
37.098,4.82E-02,-2.01E-03,6.50E-02,1.35E-03
37.149,3.46E-02,-2.62E-03,5.33E-02,6.30E-04
37.199,2.09E-02,-2.74E-03,4.10E-02,-1.45E-04
37.249,6.49E-03,-2.96E-03,2.74E-02,-9.64E-04
37.3,-7.88E-03,-3.04E-03,1.28E-02,-1.36E-03
37.35,-2.23E-02,-3.18E-03,-1.55E-03,-1.67E-03
37.401,-3.63E-02,-2.58E-03,-1.55E-02,-1.83E-03
37.451,-4.90E-02,-1.73E-03,-2.97E-02,-1.80E-03
37.501,-6.09E-02,-1.41E-03,-4.31E-02,-1.74E-03
37.552,-7.10E-02,-6.01E-04,-5.60E-02,-1.37E-03
37.602,-7.99E-02,-4.42E-05,-6.66E-02,-9.36E-04
37.653,-8.62E-02,5.90E-04,-7.56E-02,-2.20E-04
37.703,-9.11E-02,9.94E-04,-8.30E-02,-1.52E-04
37.754,-9.36E-02,1.05E-03,-8.89E-02,4.35E-04
37.804,-9.44E-02,1.18E-03,-9.21E-02,7.97E-04
37.854,-9.26E-02,1.03E-03,-9.31E-02,8.74E-04
37.905,-8.88E-02,7.85E-04,-9.20E-02,9.18E-04
37.955,-8.29E-02,3.36E-04,-8.84E-02,5.28E-04
38.006,-7.53E-02,-1.15E-04,-8.27E-02,3.54E-05
38.056,-6.58E-02,-7.49E-04,-7.44E-02,-6.30E-04
38.106,-5.46E-02,-1.42E-03,-6.47E-02,-9.36E-04
38.157,-4.22E-02,-1.93E-03,-5.37E-02,-1.23E-03
38.207,-2.90E-02,-2.22E-03,-4.09E-02,-1.68E-03
38.258,-1.45E-02,-2.79E-03,-2.75E-02,-2.28E-03
38.308,-2.73E-04,-3.24E-03,-1.30E-02,-1.99E-03
38.358,1.41E-02,-2.68E-03,2.00E-03,-1.51E-03
38.409,2.77E-02,-2.65E-03,1.62E-02,-1.71E-03
38.459,4.13E-02,-1.84E-03,3.06E-02,-7.25E-04
38.51,5.34E-02,-1.28E-03,4.38E-02,1.78E-05
38.56,6.44E-02,-9.74E-04,5.66E-02,4.08E-04
38.61,7.38E-02,-2.99E-04,6.76E-02,1.51E-03
38.661,8.13E-02,1.74E-04,7.66E-02,2.50E-03
38.711,8.69E-02,5.72E-04,8.42E-02,3.14E-03
38.762,9.01E-02,1.01E-03,8.96E-02,3.71E-03
38.812,9.14E-02,9.81E-04,9.25E-02,4.18E-03
38.862,9.10E-02,9.59E-04,9.34E-02,4.19E-03
38.913,8.84E-02,9.15E-04,9.24E-02,4.10E-03
38.963,8.38E-02,3.00E-04,8.92E-02,3.58E-03
39.014,7.62E-02,-5.15E-05,8.38E-02,3.11E-03
39.064,6.76E-02,-8.69E-04,7.58E-02,2.38E-03
39.114,5.66E-02,-1.27E-03,6.60E-02,1.61E-03
39.165,4.55E-02,-2.07E-03,5.52E-02,5.82E-04
39.215,3.19E-02,-2.46E-03,4.23E-02,-2.83E-04
39.266,1.83E-02,-2.77E-03,2.86E-02,-9.11E-04
39.316,4.74E-03,-2.90E-03,1.40E-02,-1.16E-03
39.366,-9.92E-03,-3.24E-03,-9.80E-04,-1.94E-03
39.417,-2.41E-02,-2.65E-03,-1.56E-02,-2.21E-03
39.467,-3.70E-02,-2.43E-03,-3.01E-02,-1.76E-03
39.518,-4.94E-02,-1.73E-03,-4.39E-02,-1.69E-03
39.568,-6.08E-02,-1.32E-03,-5.59E-02,-1.30E-03
39.619,-7.04E-02,-6.96E-04,-6.74E-02,-7.64E-04
39.669,-7.91E-02,3.79E-04,-7.67E-02,-4.81E-04
39.719,-8.57E-02,5.80E-04,-8.45E-02,-1.04E-04
39.77,-9.03E-02,1.05E-03,-9.00E-02,2.62E-04
39.82,-9.25E-02,1.48E-03,-9.32E-02,7.58E-04
39.871,-9.31E-02,1.47E-03,-9.43E-02,8.18E-04
39.921,-9.20E-02,1.20E-03,-9.32E-02,8.41E-04
39.971,-8.72E-02,9.54E-04,-8.97E-02,6.07E-04
40.022,-8.12E-02,3.25E-04,-8.38E-02,6.75E-05
40.072,-7.33E-02,-2.40E-04,-7.58E-02,-5.58E-04
40.123,-6.35E-02,-5.82E-04,-6.59E-02,-8.75E-04
40.173,-5.28E-02,-1.17E-03,-5.46E-02,-1.30E-03
40.223,-4.06E-02,-2.18E-03,-4.21E-02,-1.56E-03
40.274,-2.75E-02,-2.28E-03,-2.85E-02,-2.11E-03
40.324,-1.34E-02,-2.65E-03,-1.39E-02,-2.00E-03
40.375,9.86E-04,-2.71E-03,8.68E-04,-1.85E-03
40.425,1.47E-02,-2.40E-03,1.60E-02,-1.33E-03
40.475,2.90E-02,-2.45E-03,3.03E-02,-7.16E-04
40.526,4.19E-02,-2.04E-03,4.41E-02,-1.07E-04
40.576,5.39E-02,-1.25E-03,5.66E-02,9.07E-04
40.627,6.44E-02,-8.40E-04,6.79E-02,1.67E-03
40.677,7.37E-02,-3.96E-04,7.69E-02,2.54E-03
40.727,8.09E-02,1.50E-04,8.47E-02,3.25E-03
40.778,8.65E-02,3.22E-04,9.01E-02,3.95E-03
40.828,8.94E-02,9.65E-04,9.29E-02,4.15E-03
40.879,9.07E-02,9.59E-04,9.39E-02,4.46E-03
40.929,9.02E-02,8.75E-04,9.30E-02,4.44E-03
40.979,8.75E-02,9.13E-04,8.98E-02,4.09E-03
41.03,8.28E-02,-5.16E-05,8.43E-02,3.42E-03
41.08,7.52E-02,-4.68E-04,7.61E-02,2.74E-03
41.131,6.64E-02,-8.55E-04,6.66E-02,1.81E-03
41.181,5.62E-02,-1.57E-03,5.48E-02,8.11E-04
41.231,4.40E-02,-2.09E-03,4.23E-02,-9.74E-05
41.282,3.10E-02,-2.45E-03,2.84E-02,-6.32E-04
41.332,1.77E-02,-2.67E-03,1.39E-02,-1.32E-03
41.383,3.40E-03,-2.73E-03,-8.05E-04,-1.71E-03
41.433,-1.06E-02,-2.90E-03,-1.59E-02,-2.15E-03
41.484,-2.50E-02,-2.51E-03,-2.99E-02,-1.96E-03
41.534,-3.83E-02,-2.17E-03,-4.36E-02,-1.73E-03
41.584,-4.99E-02,-1.42E-03,-5.58E-02,-1.60E-03
41.635,-6.18E-02,-1.16E-03,-6.66E-02,-1.11E-03
41.685,-7.13E-02,-5.64E-04,-7.64E-02,-4.88E-04
41.736,-7.98E-02,1.12E-04,-8.39E-02,-1.22E-04
41.786,-8.60E-02,6.00E-04,-8.95E-02,3.17E-04
41.836,-9.04E-02,9.19E-04,-9.27E-02,5.53E-04
41.887,-9.28E-02,1.02E-03,-9.37E-02,7.53E-04
41.937,-9.31E-02,1.16E-03,-9.25E-02,6.79E-04
41.988,-9.14E-02,8.08E-04,-8.90E-02,4.29E-04
42.038,-8.71E-02,6.40E-04,-8.30E-02,2.53E-04
42.088,-8.09E-02,-3.94E-05,-7.48E-02,-5.06E-04
42.139,-7.26E-02,-5.54E-04,-6.51E-02,-1.15E-03
42.189,-6.31E-02,-6.16E-04,-5.40E-02,-1.31E-03
42.24,-5.24E-02,-1.49E-03,-4.17E-02,-1.78E-03
42.29,-3.94E-02,-2.33E-03,-2.83E-02,-2.00E-03
42.34,-2.60E-02,-2.75E-03,-1.37E-02,-1.95E-03
42.391,-1.23E-02,-2.99E-03,8.09E-04,-1.98E-03
42.441,1.76E-03,-3.12E-03,1.58E-02,-1.51E-03
42.492,1.64E-02,-2.70E-03,3.01E-02,-7.25E-04
42.542,3.03E-02,-2.53E-03,4.42E-02,2.35E-04
42.592,4.35E-02,-2.13E-03,5.65E-02,8.66E-04
42.643,5.51E-02,-1.12E-03,6.70E-02,1.47E-03
42.693,6.61E-02,-1.15E-03,7.62E-02,2.21E-03
42.744,7.51E-02,-3.82E-04,8.35E-02,2.98E-03
42.794,8.22E-02,8.67E-05,8.88E-02,3.70E-03
42.844,8.76E-02,5.29E-04,9.19E-02,4.15E-03
42.895,9.06E-02,9.76E-04,9.28E-02,4.16E-03
42.945,9.18E-02,9.06E-04,9.19E-02,3.87E-03
42.996,9.11E-02,9.98E-04,8.85E-02,3.50E-03
43.046,8.84E-02,4.83E-04,8.29E-02,3.12E-03
43.096,8.28E-02,-7.35E-07,7.50E-02,2.22E-03
43.147,7.58E-02,-2.63E-04,6.58E-02,1.39E-03
43.197,6.65E-02,-1.20E-03,5.48E-02,5.33E-04
43.248,5.61E-02,-1.56E-03,4.23E-02,-3.19E-04
43.298,4.32E-02,-2.42E-03,2.88E-02,-8.20E-04
43.348,3.04E-02,-2.76E-03,1.44E-02,-1.54E-03
43.399,1.66E-02,-2.91E-03,-7.39E-05,-1.81E-03
43.449,1.94E-03,-3.15E-03,-1.39E-02,-2.02E-03
43.5,-1.25E-02,-3.06E-03,-2.85E-02,-1.94E-03
43.55,-2.65E-02,-2.71E-03,-4.17E-02,-2.07E-03
43.601,-3.96E-02,-1.91E-03,-5.41E-02,-1.62E-03
43.651,-5.23E-02,-1.69E-03,-6.48E-02,-1.10E-03
43.701,-6.36E-02,-9.31E-04,-7.42E-02,-7.44E-04
43.752,-7.36E-02,-3.11E-04,-8.18E-02,-3.12E-04
43.802,-8.18E-02,5.60E-04,-8.73E-02,1.45E-04
43.853,-8.82E-02,8.26E-04,-9.03E-02,3.43E-04
43.903,-9.25E-02,1.49E-03,-9.17E-02,6.97E-04
43.953,-9.47E-02,1.88E-03,-9.07E-02,5.43E-04
44.004,-9.46E-02,1.96E-03,-8.72E-02,3.40E-04
44.054,-9.27E-02,1.41E-03,-8.12E-02,-6.52E-05
44.105,-8.81E-02,9.41E-04,-7.34E-02,-4.17E-04
44.155,-8.13E-02,1.23E-04,-6.41E-02,-9.94E-04
44.205,-7.31E-02,-2.68E-04,-5.32E-02,-1.17E-03
44.256,-6.28E-02,-1.29E-03,-4.09E-02,-1.83E-03
44.306,-5.14E-02,-1.45E-03,-2.75E-02,-1.93E-03
44.357,-3.83E-02,-2.32E-03,-1.37E-02,-1.71E-03
44.407,-2.49E-02,-2.57E-03,7.44E-04,-1.45E-03
44.457,-1.07E-02,-3.11E-03,1.51E-02,-1.42E-03
44.508,3.97E-03,-2.85E-03,2.88E-02,-9.02E-04
44.558,1.92E-02,-2.87E-03,4.19E-02,-2.29E-04
44.609,3.28E-02,-2.38E-03,5.38E-02,5.64E-04
44.659,4.65E-02,-1.87E-03,6.43E-02,1.51E-03
44.709,5.89E-02,-1.17E-03,7.33E-02,2.15E-03
44.76,6.94E-02,-9.42E-04,8.03E-02,3.01E-03
44.81,7.84E-02,-8.87E-05,8.53E-02,3.53E-03
44.861,8.57E-02,6.63E-04,8.83E-02,3.86E-03
44.911,9.09E-02,1.37E-03,8.94E-02,3.79E-03
44.961,9.42E-02,1.65E-03,8.87E-02,3.55E-03
45.012,9.51E-02,1.50E-03,8.53E-02,3.38E-03
45.062,9.38E-02,1.56E-03,8.05E-02,2.88E-03
45.113,9.01E-02,1.33E-03,7.30E-02,1.92E-03
45.163,8.43E-02,9.05E-04,6.40E-02,1.29E-03
45.213,7.66E-02,-6.09E-05,5.37E-02,4.84E-04
45.264,6.70E-02,-5.70E-04,4.15E-02,-2.33E-04
45.314,5.51E-02,-1.05E-03,2.88E-02,-8.84E-04
45.365,4.24E-02,-2.11E-03,1.47E-02,-1.34E-03
45.415,2.83E-02,-2.62E-03,1.32E-03,-1.91E-03
45.466,1.37E-02,-2.92E-03,-1.24E-02,-1.98E-03
45.516,-1.32E-03,-2.91E-03,-2.63E-02,-1.99E-03
45.566,-1.60E-02,-3.00E-03,-3.86E-02,-1.91E-03
45.617,-3.00E-02,-2.84E-03,-5.04E-02,-1.48E-03
45.667,-4.50E-02,-1.93E-03,-6.14E-02,-1.08E-03
45.718,-5.71E-02,-1.73E-03,-7.03E-02,-5.77E-04
45.768,-6.87E-02,-8.60E-04,-7.79E-02,-2.47E-05
45.818,-7.83E-02,-2.19E-04,-8.33E-02,1.28E-04
45.869,-8.65E-02,5.34E-04,-8.69E-02,3.45E-04
45.919,-9.27E-02,8.55E-04,-8.76E-02,6.71E-04
45.97,-9.69E-02,1.22E-03,-8.69E-02,6.53E-04
46.02,-9.85E-02,1.30E-03,-8.36E-02,3.73E-04
46.07,-9.82E-02,1.31E-03,-7.81E-02,3.98E-04
46.121,-9.56E-02,7.35E-04,-7.11E-02,-9.48E-05
46.171,-9.03E-02,3.86E-04,-6.23E-02,-5.95E-04
46.222,-8.31E-02,-1.55E-04,-5.19E-02,-8.96E-04
46.272,-7.41E-02,-8.58E-04,-4.06E-02,-1.01E-03
46.322,-6.34E-02,-1.66E-03,-2.78E-02,-1.34E-03
46.373,-5.17E-02,-1.91E-03,-1.48E-02,-1.23E-03
46.423,-3.75E-02,-2.73E-03,-9.50E-04,-1.43E-03
46.474,-2.30E-02,-2.97E-03,1.27E-02,-1.22E-03
46.524,-7.99E-03,-3.08E-03,2.56E-02,-5.53E-04
46.574,7.24E-03,-2.89E-03,3.83E-02,-1.27E-04
46.625,2.26E-02,-2.56E-03,4.93E-02,6.80E-04
46.675,3.68E-02,-2.27E-03,5.97E-02,1.13E-03
46.726,5.08E-02,-1.47E-03,6.84E-02,1.86E-03
46.776,6.35E-02,-4.54E-04,7.53E-02,2.57E-03
46.826,7.45E-02,1.34E-04,8.03E-02,3.23E-03
46.877,8.36E-02,5.93E-04,8.34E-02,3.49E-03
46.927,9.07E-02,1.14E-03,8.47E-02,3.58E-03
46.978,9.54E-02,1.86E-03,8.41E-02,3.65E-03
47.028,9.80E-02,2.16E-03,8.13E-02,3.28E-03
47.078,9.86E-02,2.00E-03,7.63E-02,2.76E-03
47.129,9.68E-02,1.89E-03,6.99E-02,2.24E-03
47.179,9.28E-02,1.80E-03,6.15E-02,1.08E-03
47.23,8.60E-02,1.12E-03,5.22E-02,5.48E-04
47.28,7.71E-02,1.32E-04,4.07E-02,-1.52E-04
47.331,6.69E-02,-8.23E-04,2.87E-02,-8.62E-04
47.381,5.45E-02,-9.17E-04,1.60E-02,-1.46E-03
47.431,4.13E-02,-1.76E-03,2.89E-03,-1.42E-03
47.482,2.58E-02,-2.62E-03,-1.01E-02,-2.08E-03
47.532,1.01E-02,-2.72E-03,-2.29E-02,-1.98E-03
47.583,-5.02E-03,-3.10E-03,-3.47E-02,-1.71E-03
47.633,-2.09E-02,-2.84E-03,-4.62E-02,-1.39E-03
47.683,-3.54E-02,-2.66E-03,-5.60E-02,-1.41E-03
47.734,-5.00E-02,-1.99E-03,-6.48E-02,-8.49E-04
47.784,-6.28E-02,-1.30E-03,-7.21E-02,-4.90E-04
47.835,-7.43E-02,-7.34E-04,-7.72E-02,-1.44E-04
47.885,-8.40E-02,4.43E-05,-8.05E-02,1.61E-04
47.935,-9.22E-02,8.80E-04,-8.18E-02,-2.06E-05
47.986,-9.77E-02,1.16E-03,-8.10E-02,-1.34E-05
48.036,-0.101,1.53E-03,-7.82E-02,-2.95E-04
48.087,-0.103,1.91E-03,-7.33E-02,-6.09E-04
48.137,-0.102,1.68E-03,-6.68E-02,-9.22E-04
48.187,-9.78E-02,1.26E-03,-5.84E-02,-1.20E-03
48.238,-9.19E-02,5.78E-04,-4.83E-02,-1.63E-03
48.288,-8.34E-02,-3.81E-06,-3.79E-02,-1.81E-03
48.339,-7.39E-02,-8.45E-04,-2.68E-02,-2.07E-03
48.389,-6.18E-02,-1.43E-03,-1.50E-02,-2.12E-03
48.439,-4.89E-02,-1.84E-03,-2.00E-03,-1.73E-03
48.49,-3.43E-02,-2.09E-03,1.05E-02,-1.74E-03
48.54,-1.87E-02,-2.77E-03,2.27E-02,-1.13E-03
48.591,-2.63E-03,-3.06E-03,3.48E-02,-6.20E-04
48.641,1.31E-02,-2.73E-03,4.54E-02,-2.16E-04
48.691,2.89E-02,-2.04E-03,5.50E-02,4.35E-04
48.742,4.35E-02,-2.00E-03,6.30E-02,1.16E-03
48.792,5.80E-02,-6.40E-04,7.01E-02,1.72E-03
48.843,7.07E-02,1.69E-04,7.45E-02,2.22E-03
48.893,8.16E-02,5.81E-04,7.76E-02,2.59E-03
48.943,9.04E-02,2.00E-03,7.87E-02,2.72E-03
48.994,9.70E-02,2.30E-03,7.84E-02,2.53E-03
49.044,0.101,2.37E-03,7.61E-02,2.19E-03
49.095,0.103,2.70E-03,7.17E-02,1.78E-03
49.145,0.103,2.61E-03,6.61E-02,1.53E-03
49.196,9.99E-02,2.04E-03,5.88E-02,6.76E-04
49.246,9.45E-02,1.75E-03,4.98E-02,2.75E-04
49.296,8.66E-02,1.30E-03,3.99E-02,-2.70E-04
49.347,7.66E-02,1.93E-04,2.87E-02,-9.03E-04
49.397,6.54E-02,-9.21E-04,1.72E-02,-1.27E-03
49.448,5.10E-02,-1.51E-03,5.55E-03,-1.67E-03
49.498,3.68E-02,-2.19E-03,-6.48E-03,-1.92E-03
49.548,2.09E-02,-2.60E-03,-1.81E-02,-1.86E-03
49.599,4.75E-03,-2.86E-03,-3.00E-02,-1.93E-03
49.649,-1.10E-02,-2.85E-03,-4.00E-02,-1.65E-03
49.7,-2.77E-02,-2.85E-03,-4.97E-02,-1.29E-03
49.75,-4.34E-02,-2.28E-03,-5.82E-02,-1.42E-03
49.8,-5.75E-02,-1.90E-03,-6.51E-02,-9.08E-04
49.851,-7.11E-02,-8.64E-04,-6.98E-02,-4.50E-04
49.901,-8.22E-02,-3.13E-04,-7.35E-02,-3.48E-04
49.952,-9.13E-02,7.45E-04,-7.50E-02,-3.24E-04
50.002,-9.91E-02,1.52E-03,-7.44E-02,-3.81E-04
50.052,-0.104,1.98E-03,-7.26E-02,-3.28E-04
50.103,-0.106,2.27E-03,-6.86E-02,-6.57E-04
50.153,-0.107,2.34E-03,-6.26E-02,-9.11E-04
50.204,-0.105,2.02E-03,-5.56E-02,-1.13E-03
50.254,-0.1,1.58E-03,-4.75E-02,-1.58E-03
50.304,-9.29E-02,9.24E-04,-3.74E-02,-1.86E-03
50.355,-8.35E-02,1.13E-04,-2.71E-02,-2.00E-03
50.405,-7.28E-02,-5.99E-04,-1.61E-02,-1.96E-03
50.456,-5.92E-02,-1.72E-03,-5.27E-03,-1.93E-03
50.506,-4.48E-02,-1.87E-03,6.03E-03,-1.71E-03
50.556,-2.93E-02,-2.52E-03,1.69E-02,-1.43E-03
50.607,-1.26E-02,-2.79E-03,2.78E-02,-8.77E-04
50.657,3.58E-03,-3.00E-03,3.76E-02,-4.65E-04
50.708,2.02E-02,-2.56E-03,4.71E-02,1.44E-04
50.758,3.67E-02,-1.91E-03,5.47E-02,5.86E-04
50.808,5.21E-02,-1.42E-03,6.09E-02,1.04E-03
50.859,6.59E-02,-1.84E-04,6.59E-02,1.42E-03
50.909,7.88E-02,7.86E-04,6.93E-02,1.61E-03
50.96,8.87E-02,9.78E-04,7.06E-02,1.72E-03
51.01,9.72E-02,1.83E-03,7.08E-02,2.06E-03
51.06,0.103,2.64E-03,6.91E-02,1.96E-03
51.111,0.106,2.73E-03,6.61E-02,1.71E-03
51.161,0.107,3.02E-03,6.10E-02,1.56E-03
51.212,0.106,2.86E-03,5.49E-02,8.63E-04
51.262,0.101,2.68E-03,4.71E-02,4.31E-04
51.313,9.47E-02,1.97E-03,3.85E-02,1.94E-06
51.363,8.56E-02,9.29E-04,2.84E-02,-6.70E-04
51.413,7.43E-02,-2.76E-04,1.88E-02,-8.77E-04
51.464,6.09E-02,-1.05E-03,8.32E-03,-1.18E-03
51.514,4.62E-02,-1.55E-03,-2.28E-03,-1.63E-03
51.565,3.03E-02,-2.67E-03,-1.32E-02,-1.76E-03
51.615,1.43E-02,-2.94E-03,-2.40E-02,-1.81E-03
51.665,-3.19E-03,-3.39E-03,-3.36E-02,-1.74E-03
51.716,-2.10E-02,-3.31E-03,-4.24E-02,-1.68E-03
51.766,-3.69E-02,-2.64E-03,-5.00E-02,-1.49E-03
51.817,-5.27E-02,-1.79E-03,-5.63E-02,-1.25E-03
51.867,-6.65E-02,-1.61E-03,-6.15E-02,-1.16E-03
51.917,-7.91E-02,-5.23E-04,-6.48E-02,-1.02E-03
51.968,-9.04E-02,5.64E-04,-6.67E-02,-1.16E-03
52.018,-9.91E-02,1.70E-03,-6.70E-02,-9.58E-04
52.069,-0.106,2.17E-03,-6.58E-02,-1.13E-03
52.119,-0.109,2.64E-03,-6.30E-02,-1.31E-03
52.169,-0.111,2.98E-03,-5.85E-02,-1.52E-03
52.22,-0.11,2.78E-03,-5.26E-02,-1.64E-03
52.27,-0.106,2.42E-03,-4.54E-02,-2.00E-03
52.321,-0.1,1.57E-03,-3.79E-02,-2.08E-03
52.371,-9.18E-02,1.13E-03,-2.85E-02,-2.17E-03
52.421,-8.11E-02,2.04E-05,-1.89E-02,-2.20E-03
52.472,-6.80E-02,-6.41E-04,-8.95E-03,-2.09E-03
52.522,-5.43E-02,-1.65E-03,1.34E-03,-1.88E-03
52.573,-3.88E-02,-1.93E-03,1.08E-02,-1.58E-03
52.623,-2.24E-02,-2.75E-03,2.07E-02,-1.32E-03
52.673,-4.54E-03,-2.66E-03,2.96E-02,-9.68E-04
52.724,1.30E-02,-2.85E-03,3.82E-02,-3.13E-04
52.774,3.02E-02,-2.15E-03,4.55E-02,6.77E-05
52.825,4.58E-02,-1.32E-03,5.16E-02,4.41E-04
52.875,6.12E-02,-7.25E-04,5.65E-02,7.91E-04
52.925,7.49E-02,8.97E-05,6.02E-02,1.15E-03
52.976,8.72E-02,1.10E-03,6.22E-02,1.22E-03
53.026,9.64E-02,1.86E-03,6.27E-02,1.28E-03
53.077,0.104,2.74E-03,6.21E-02,1.20E-03
53.127,0.109,3.32E-03,5.98E-02,9.32E-04
53.178,0.111,3.83E-03,5.60E-02,6.87E-04
